<?xml version="1.0" encoding="UTF-8" standalone="yes"?>
<worksheet xmlns="http://schemas.openxmlformats.org/spreadsheetml/2006/main" xmlns:r="http://schemas.openxmlformats.org/officeDocument/2006/relationships"><dimension ref="A1"/><sheetViews><sheetView tabSelected="1" workbookViewId="0"><selection activeCell="F5" sqref="F5"/></sheetView></sheetViews><sheetFormatPr defaultRowHeight="15"/><sheetData/><pageMargins left="0.7" right="0.7" top="0.75" bottom="0.75" header="0.3" footer="0.3"/><pageSetup paperSize="9" orientation="portrait" horizontalDpi="180" verticalDpi="180" r:id="rId1"/></worksheet>