﻿<?xml version="1.0" encoding="UTF-8" standalone="yes"?>
<p:presentation xmlns:a="http://schemas.openxmlformats.org/drawingml/2006/main" xmlns:r="http://schemas.openxmlformats.org/officeDocument/2006/relationships" xmlns:p="http://schemas.openxmlformats.org/presentationml/2006/main" saveSubsetFonts="1">
    <p:sldMasterIdLst>
        <p:sldMasterId id="2147483648" r:id="rId1" />
    </p:sldMasterIdLst>
    <p:notesMasterIdLst>
        <p:notesMasterId r:id="rId5" />
    </p:notesMasterIdLst>
    <p:handoutMasterIdLst>
        <p:handoutMasterId r:id="rId6" />
    </p:handoutMasterIdLst>
    <p:sldIdLst>
        <p:sldId id="256" r:id="rId2" />
        <p:sldId id="257" r:id="rId3" />
        <p:sldId id="258" r:id="rId4" />
    </p:sldIdLst>
    <p:sldSz cx="9144000" cy="6858000" type="screen4x3" />
    <p:notesSz cx="6858000" cy="9144000" />
    <p:defaultTextStyle>
        <a:defPPr>
            <a:defRPr lang="en-US" />
        </a:defPPr>
        <a:lvl1pPr algn="l" rtl="0" fontAlgn="base">
            <a:spcBef>
                <a:spcPct val="0" />
            </a:spcBef>
            <a:spcAft>
                <a:spcPct val="0" />
            </a:spcAft>
            <a:defRPr kern="1200">
                <a:solidFill>
                    <a:schemeClr val="tx1" />
                </a:solidFill>
                <a:latin typeface="Arial" charset="0" />
                <a:ea typeface="+mn-ea" />
                <a:cs typeface="Arial" charset="0" />
            </a:defRPr>
        </a:lvl1pPr>
        <a:lvl2pPr marL="457200" algn="l" rtl="0" fontAlgn="base">
            <a:spcBef>
                <a:spcPct val="0" />
            </a:spcBef>
            <a:spcAft>
                <a:spcPct val="0" />
            </a:spcAft>
            <a:defRPr kern="1200">
                <a:solidFill>
                    <a:schemeClr val="tx1" />
                </a:solidFill>
                <a:latin typeface="Arial" charset="0" />
                <a:ea typeface="+mn-ea" />
                <a:cs typeface="Arial" charset="0" />
            </a:defRPr>
        </a:lvl2pPr>
        <a:lvl3pPr marL="914400" algn="l" rtl="0" fontAlgn="base">
            <a:spcBef>
                <a:spcPct val="0" />
            </a:spcBef>
            <a:spcAft>
                <a:spcPct val="0" />
            </a:spcAft>
            <a:defRPr kern="1200">
                <a:solidFill>
                    <a:schemeClr val="tx1" />
                </a:solidFill>
                <a:latin typeface="Arial" charset="0" />
                <a:ea typeface="+mn-ea" />
                <a:cs typeface="Arial" charset="0" />
            </a:defRPr>
        </a:lvl3pPr>
        <a:lvl4pPr marL="1371600" algn="l" rtl="0" fontAlgn="base">
            <a:spcBef>
                <a:spcPct val="0" />
            </a:spcBef>
            <a:spcAft>
                <a:spcPct val="0" />
            </a:spcAft>
            <a:defRPr kern="1200">
                <a:solidFill>
                    <a:schemeClr val="tx1" />
                </a:solidFill>
                <a:latin typeface="Arial" charset="0" />
                <a:ea typeface="+mn-ea" />
                <a:cs typeface="Arial" charset="0" />
            </a:defRPr>
        </a:lvl4pPr>
        <a:lvl5pPr marL="1828800" algn="l" rtl="0" fontAlgn="base">
            <a:spcBef>
                <a:spcPct val="0" />
            </a:spcBef>
            <a:spcAft>
                <a:spcPct val="0" />
            </a:spcAft>
            <a:defRPr kern="1200">
                <a:solidFill>
                    <a:schemeClr val="tx1" />
                </a:solidFill>
                <a:latin typeface="Arial" charset="0" />
                <a:ea typeface="+mn-ea" />
                <a:cs typeface="Arial" charset="0" />
            </a:defRPr>
        </a:lvl5pPr>
        <a:lvl6pPr marL="2286000" algn="l" defTabSz="914400" rtl="0" eaLnBrk="1" latinLnBrk="0" hangingPunct="1">
            <a:defRPr kern="1200">
                <a:solidFill>
                    <a:schemeClr val="tx1" />
                </a:solidFill>
                <a:latin typeface="Arial" charset="0" />
                <a:ea typeface="+mn-ea" />
                <a:cs typeface="Arial" charset="0" />
            </a:defRPr>
        </a:lvl6pPr>
        <a:lvl7pPr marL="2743200" algn="l" defTabSz="914400" rtl="0" eaLnBrk="1" latinLnBrk="0" hangingPunct="1">
            <a:defRPr kern="1200">
                <a:solidFill>
                    <a:schemeClr val="tx1" />
                </a:solidFill>
                <a:latin typeface="Arial" charset="0" />
                <a:ea typeface="+mn-ea" />
                <a:cs typeface="Arial" charset="0" />
            </a:defRPr>
        </a:lvl7pPr>
        <a:lvl8pPr marL="3200400" algn="l" defTabSz="914400" rtl="0" eaLnBrk="1" latinLnBrk="0" hangingPunct="1">
            <a:defRPr kern="1200">
                <a:solidFill>
                    <a:schemeClr val="tx1" />
                </a:solidFill>
                <a:latin typeface="Arial" charset="0" />
                <a:ea typeface="+mn-ea" />
                <a:cs typeface="Arial" charset="0" />
            </a:defRPr>
        </a:lvl8pPr>
        <a:lvl9pPr marL="3657600" algn="l" defTabSz="914400" rtl="0" eaLnBrk="1" latinLnBrk="0" hangingPunct="1">
            <a:defRPr kern="1200">
                <a:solidFill>
                    <a:schemeClr val="tx1" />
                </a:solidFill>
                <a:latin typeface="Arial" charset="0" />
                <a:ea typeface="+mn-ea" />
                <a:cs typeface="Arial" charset="0" />
            </a:defRPr>
        </a:lvl9pPr>
    </p:defaultTextStyle>
</p:presentation>