﻿<?xml version="1.0" encoding="UTF-8" standalone="yes"?><p:notes xmlns:a="http://schemas.openxmlformats.org/drawingml/2006/main" xmlns:r="http://schemas.openxmlformats.org/officeDocument/2006/relationships" xmlns:p="http://schemas.openxmlformats.org/presentationml/2006/main"><p:cSld><p:spTree><p:nvGrpSpPr><p:cNvPr id="1" name="" /><p:cNvGrpSpPr /><p:nvPr /></p:nvGrpSpPr><p:grpSpPr><a:xfrm><a:off x="0" y="0" /><a:ext cx="0" cy="0" /><a:chOff x="0" y="0" /><a:chExt cx="0" cy="0" /></a:xfrm></p:grpSpPr><p:sp><p:nvSpPr><p:cNvPr id="2" name="Slide Image Placeholder 1" /><p:cNvSpPr><a:spLocks noGrp="1" noRot="1" noChangeAspect="1" /></p:cNvSpPr><p:nvPr><p:ph type="sldImg" /></p:nvPr></p:nvSpPr><p:spPr /></p:sp><p:sp><p:nvSpPr><p:cNvPr id="3" name="Notes Placeholder 2" /><p:cNvSpPr><a:spLocks noGrp="1" /></p:cNvSpPr><p:nvPr><p:ph type="body" idx="1" /></p:nvPr></p:nvSpPr><p:spPr /><p:txBody><a:bodyPr><a:normAutofit /></a:bodyPr><a:lstStyle /></p:txBody></p:sp><p:sp><p:nvSpPr><p:cNvPr id="4" name="Slide Number Placeholder 3" /><p:cNvSpPr><a:spLocks noGrp="1" /></p:cNvSpPr><p:nvPr><p:ph type="sldNum" sz="quarter" idx="10" /></p:nvPr></p:nvSpPr><p:spPr /><p:txBody><a:bodyPr /><a:lstStyle /><a:p><a:fld id="{6101C5E1-D8E9-464D-A93E-CE21651935A7}" type="slidenum"><a:rPr lang="en-US" smtClean="0" /><a:t>1</a:t></a:fld><a:endParaRPr lang="en-US" /></a:p></p:txBody></p:sp></p:spTree></p:cSld><p:clrMapOvr><a:masterClrMapping /></p:clrMapOvr></p:notes>